port,PRODUCT_L1,PRODUCT_L2,total_txns,total_cif_usd,total_quantity,pct_of_port_txns,pct_of_port_cif,rank_by_txns,rank_by_cif
AEROP. A.M. BENITEZ,Resto No combustibles,Resto No combustibles,93,3237516.1100000003,146321.0496,52.25,36.21,1,1
AEROP. A.M. BENITEZ,"Maquinarias, aparatos y sus partes","Resto Maquinarias, aparatos y sus partes ",37,1728639.49,114008.4841,20.79,19.33,2,2
AEROP. A.M. BENITEZ,"Prendas de vestir y accesorios, y calzados",Prendas de vestir y accesorios,10,65293.43,1525.9168000000002,5.62,0.73,3,11
AEROP. A.M. BENITEZ,"Maquinarias, aparatos y sus partes",Artículos de grifería y sus partes,7,27213.11,318.4289,3.93,0.3,4,14
AEROP. A.M. BENITEZ,Alimentos,Resto Alimentos,5,66189.56,2806.5693,2.81,0.74,5,10
AEROP. A.M. BENITEZ,"Maquinarias, aparatos y sus partes","Centrífugas y aparatos para filtrar o depurar líquidos o gases, y sus partes",4,1635393.44,8700.1,2.25,18.29,6,3
AEROP. A.M. BENITEZ,Medios de transporte y sus partes,Resto Medios de transporte y sus partes,4,1458063.87,14.6923,2.25,16.31,6,4
AEROP. A.M. BENITEZ,"Maquinarias, aparatos y sus partes",Motores y generadores eléctricos,3,5495.43,1.0,1.69,0.06,8,17
AEROP. A.M. BENITEZ,"Prendas de vestir y accesorios, y calzados",Calzados ,3,71625.45,3332.0,1.69,0.8,8,9
AEROP. A.M. BENITEZ,Forestales y sus derivados,Madera y sus manufacturas,2,34433.31,8793.0,1.12,0.39,10,13
AEROP. A.M. BENITEZ,"Maquinarias, aparatos y sus partes","Bombas y elevadores de líquidos, y sus partes",2,7927.34,2.0,1.12,0.09,10,16
AEROP. A.M. BENITEZ,Alimentos,Conservas y preparaciones de pescados y mariscos,1,115268.02,30720.0,0.56,1.29,12,7
AEROP. A.M. BENITEZ,Alimentos,Leche y otros productos lácteos,1,83762.64,15064.61,0.56,0.94,12,8
AEROP. A.M. BENITEZ,Medios de transporte y sus partes,"Chasis, carrocerías, partes y accesorios de vehículos automóviles",1,2302.27,5.53,0.56,0.03,12,18
AEROP. A.M. BENITEZ,Medios de transporte y sus partes,Vehículos automóviles para el transporte de personas,1,38885.13,85.0,0.56,0.43,12,12
AEROP. A.M. BENITEZ,Otros productos relevantes,Líquidos alcohólicos,1,224182.11,33111.0,0.56,2.51,12,5
AEROP. A.M. BENITEZ,Otros productos relevantes,Medicamentos,1,116460.0,379.2308,0.56,1.3,12,6
AEROP. A.M. BENITEZ,Otros productos relevantes,Polietileno,1,20257.6,0.0,0.56,0.23,12,15
AEROP. A.M. BENITEZ,Tecnología,Computadores y sus partes,1,1747.56,1.0,0.56,0.02,12,19
AEROP. CERRO MORENO,"Maquinarias, aparatos y sus partes","Resto Maquinarias, aparatos y sus partes ",62,1338643.45,4959.2706,43.36,65.32,1,1
AEROP. CERRO MORENO,Resto No combustibles,Resto No combustibles,48,97067.54,1108.8615,33.57,4.74,2,5
AEROP. CERRO MORENO,Medios de transporte y sus partes,"Chasis, carrocerías, partes y accesorios de vehículos automóviles",10,37017.479999999996,483.6948,6.99,1.81,3,7
AEROP. CERRO MORENO,"Maquinarias, aparatos y sus partes",Artículos de grifería y sus partes,9,183541.16999999998,324.6999,6.29,8.96,4,3
AEROP. CERRO MORENO,"Maquinarias, aparatos y sus partes","Bombas y elevadores de líquidos, y sus partes",7,130303.51,45.1076,4.9,6.36,5,4
AEROP. CERRO MORENO,Medios de transporte y sus partes,Resto Medios de transporte y sus partes,4,42577.55,0.0,2.8,2.08,6,6
AEROP. CERRO MORENO,Forestales y sus derivados,Papel y cartón y sus manufacturas,1,95.13,0.6385,0.7,0.0,7,9
AEROP. CERRO MORENO,"Maquinarias, aparatos y sus partes","Centrífugas y aparatos para filtrar o depurar líquidos o gases, y sus partes",1,952.33,20.15,0.7,0.05,7,8
AEROP. CERRO MORENO,Tecnología,Computadores y sus partes,1,219015.11,7.0,0.7,10.69,7,2
AEROPUERTO CARRIEL SUR 945,Resto No combustibles,Resto No combustibles,5,61464.96000000001,17318.5616,41.67,11.13,1,3
AEROPUERTO CARRIEL SUR 945,"Maquinarias, aparatos y sus partes","Resto Maquinarias, aparatos y sus partes ",4,214873.92,12693.0,33.33,38.91,2,2
AEROPUERTO CARRIEL SUR 945,Medios de transporte y sus partes,"Chasis, carrocerías, partes y accesorios de vehículos automóviles",2,5111.92,0.0,16.67,0.93,3,4
AEROPUERTO CARRIEL SUR 945,Alimentos,Resto Alimentos,1,270775.36,0.0,8.33,49.03,4,1
ANTOFAGASTA,Resto No combustibles,Resto No combustibles,7262,2672523592.59,3174228345.5501,47.69,57.34,1,1
ANTOFAGASTA,"Maquinarias, aparatos y sus partes","Resto Maquinarias, aparatos y sus partes ",3911,993050283.93,19018958.1628,25.68,21.31,2,2
ANTOFAGASTA,"Maquinarias, aparatos y sus partes","Centrífugas y aparatos para filtrar o depurar líquidos o gases, y sus partes",713,90294514.17,1007241.6129000001,4.68,1.94,3,5
ANTOFAGASTA,Alimentos,Resto Alimentos,528,4989478.98,3650036.6052,3.47,0.11,4,24
ANTOFAGASTA,Medios de transporte y sus partes,"Chasis, carrocerías, partes y accesorios de vehículos automóviles",359,21381280.11,755928.0452,2.36,0.46,5,12
ANTOFAGASTA,Medios de transporte y sus partes,Resto Medios de transporte y sus partes,314,34866388.51,483629.2916,2.06,0.75,6,8
ANTOFAGASTA,Medios de transporte y sus partes,Neumáticos,247,79242724.85,53119.37,1.62,1.7,7,6
ANTOFAGASTA,"Maquinarias, aparatos y sus partes",Artículos de grifería y sus partes,243,19274279.54,308997.6529,1.6,0.41,8,15
ANTOFAGASTA,"Maquinarias, aparatos y sus partes","Bombas y elevadores de líquidos, y sus partes",226,18462651.38,116226.42480000001,1.48,0.4,9,16
ANTOFAGASTA,"Maquinarias, aparatos y sus partes",Motores y generadores eléctricos,198,363005430.76,902.0,1.3,7.79,10,3
ANTOFAGASTA,Combustibles y lubricantes minerales,Aceites y grasas lubricantes,178,26847901.6,4469726.7182,1.17,0.58,11,10
ANTOFAGASTA,Forestales y sus derivados,Resto Forestales y sus derivados,174,1233679.48,343164.41610000003,1.14,0.03,12,31
ANTOFAGASTA,Otros productos relevantes,Polietileno,137,31107302.330000002,23724541.0,0.9,0.67,13,9
ANTOFAGASTA,"Prendas de vestir y accesorios, y calzados",Prendas de vestir y accesorios,125,1760123.71,272288.3439,0.82,0.04,14,28
ANTOFAGASTA,Alimentos,Bananas,104,9658106.370000001,10509418.8708,0.68,0.21,15,19
ANTOFAGASTA,Otros productos relevantes,Abonos,65,19906196.39,14126800.0,0.43,0.43,16,13
ANTOFAGASTA,Forestales y sus derivados,Madera y sus manufacturas,61,3049084.28,411020.3554,0.4,0.07,17,26
ANTOFAGASTA,Combustibles y lubricantes minerales,Hulla,58,6274691.49,25502272.4,0.38,0.13,18,22
ANTOFAGASTA,Forestales y sus derivados,Papel y cartón y sus manufacturas,49,2452051.16,1396341.4453,0.32,0.05,19,27
ANTOFAGASTA,Combustibles y lubricantes minerales,Resto Combustibles y lubricantes,41,7212744.51,4986878.676,0.27,0.15,20,21
ANTOFAGASTA,"Maquinarias, aparatos y sus partes",Grupos electrógenos,39,23625384.27,121.0,0.26,0.51,21,11
ANTOFAGASTA,Otros productos relevantes,Minerales de molibdeno y sus concentrados,26,102369725.44,2999521.3419,0.17,2.2,22,4
ANTOFAGASTA,Otros productos relevantes,Cementos,21,12540540.87,130478606.0,0.14,0.27,23,18
ANTOFAGASTA,Otros productos relevantes,"Fibras ópticas y sus conectores, haces o cables",17,440510.34,52903.102,0.11,0.01,24,34
ANTOFAGASTA,,,16,123715.25,119271.61,0.11,0.0,25,36
ANTOFAGASTA,"Maquinarias, aparatos y sus partes","Palas mecánicas, excavadoras, cargadoras y palas cargadoras",15,3477619.96,31.0,0.1,0.07,26,25
ANTOFAGASTA,Medios de transporte y sus partes,Vehículos automóviles para el transporte de mercancías,13,57069665.38,3.0,0.09,1.22,27,7
ANTOFAGASTA,Tecnología,Computadores y sus partes,13,1675718.7200000002,998.0,0.09,0.04,27,29
ANTOFAGASTA,Alimentos,Leche y otros productos lácteos,12,5194.1,1304.56,0.08,0.0,29,38
ANTOFAGASTA,Combustibles y lubricantes minerales,Propano licuado,12,7826228.05,12704695.0,0.08,0.17,29,20
ANTOFAGASTA,Otros productos relevantes,Líquidos alcohólicos,11,603051.47,268916.19999999995,0.07,0.01,31,33
ANTOFAGASTA,"Prendas de vestir y accesorios, y calzados",Calzados ,10,8740.23,4895.0,0.07,0.0,32,37
ANTOFAGASTA,Combustibles y lubricantes minerales,Petróleo diésel ,8,16550312.53,7525859.9399999995,0.05,0.36,33,17
ANTOFAGASTA,Medios de transporte y sus partes,Vehículos automóviles para el transporte de personas,8,19441851.86,81.0,0.05,0.42,33,14
ANTOFAGASTA,"Maquinarias, aparatos y sus partes",Refrigeradores y congeladores,6,291803.89,63.0,0.04,0.01,35,35
ANTOFAGASTA,Combustibles y lubricantes minerales,Kerosene,3,774126.3999999999,167186.0,0.02,0.02,36,32
ANTOFAGASTA,Medios de transporte y sus partes,Tractores,2,1375193.23,14.0,0.01,0.03,37,30
ANTOFAGASTA,Alimentos,Hortalizas y tubérculos,1,1106.81,0.0,0.01,0.0,38,40
ANTOFAGASTA,Combustibles y lubricantes minerales,Gas natural licuado,1,5640361.88,0.0,0.01,0.12,38,23
ANTOFAGASTA,Otros productos relevantes,Medicamentos,1,275.53,86.4,0.01,0.0,38,41
ANTOFAGASTA,Tecnología,Televisores,1,1731.9,0.0,0.01,0.0,38,39
ARICA,Resto No combustibles,Resto No combustibles,1413,82531710.08,18495037.9224,47.54,12.0,1,3
ARICA,"Maquinarias, aparatos y sus partes","Resto Maquinarias, aparatos y sus partes ",372,244601060.31,885531.2055,12.52,35.57,2,1
ARICA,Combustibles y lubricantes minerales,Resto Combustibles y lubricantes,236,94557836.9,107999934.8251,7.94,13.75,3,2
ARICA,Medios de transporte y sus partes,Resto Medios de transporte y sus partes,134,16526292.019999998,90415.7307,4.51,2.4,4,9
ARICA,Alimentos,Bananas,130,6054293.56,10873298.74,4.37,0.88,5,12
ARICA,Alimentos,Resto Alimentos,93,2422230.24,2665040.0321,3.13,0.35,6,15
ARICA,Otros productos relevantes,Abonos,81,3498733.56,910376.44,2.73,0.51,7,14
ARICA,"Maquinarias, aparatos y sus partes",Motores y generadores eléctricos,57,31489478.46,194.0,1.92,4.58,8,7
ARICA,Forestales y sus derivados,Resto Forestales y sus derivados,51,1973825.03,410250.9539,1.72,0.29,9,16
ARICA,Alimentos,Cereales,47,81961837.96,199633380.0,1.58,11.92,10,4
ARICA,"Maquinarias, aparatos y sus partes","Centrífugas y aparatos para filtrar o depurar líquidos o gases, y sus partes",46,8739074.25,326973.7154,1.55,1.27,11,11
ARICA,Medios de transporte y sus partes,Vehículos automóviles para el transporte de personas,42,32782229.72,3443.0,1.41,4.77,12,6
ARICA,Otros productos relevantes,Cementos,37,41715576.87,475865660.0,1.24,6.07,13,5
ARICA,Forestales y sus derivados,Madera y sus manufacturas,35,384464.22,372270.1789,1.18,0.06,14,21
ARICA,Forestales y sus derivados,Papel y cartón y sus manufacturas,25,304149.08,13650.0984,0.84,0.04,15,23
ARICA,Medios de transporte y sus partes,"Chasis, carrocerías, partes y accesorios de vehículos automóviles",21,185944.31,13603.2792,0.71,0.03,16,27
ARICA,Medios de transporte y sus partes,Tractores,20,5381936.24,129.0,0.67,0.78,17,13
ARICA,"Prendas de vestir y accesorios, y calzados",Prendas de vestir y accesorios,20,1714.68,638.0308,0.67,0.0,17,37
ARICA,"Maquinarias, aparatos y sus partes",Artículos de grifería y sus partes,16,287295.29000000004,22496.4492,0.54,0.04,19,24
ARICA,Otros productos relevantes,Líquidos alcohólicos,15,1253782.1400000001,797401.5412,0.5,0.18,20,17
ARICA,"Maquinarias, aparatos y sus partes","Palas mecánicas, excavadoras, cargadoras y palas cargadoras",14,17138238.53,16.0,0.47,2.49,21,8
ARICA,Medios de transporte y sus partes,Vehículos automóviles para el transporte de mercancías,14,9838811.99,195.0,0.47,1.43,21,10
ARICA,Otros productos relevantes,Polietileno,10,1243945.85,377900.0,0.34,0.18,23,18
ARICA,"Maquinarias, aparatos y sus partes","Bombas y elevadores de líquidos, y sus partes",9,137242.97,10285.608199999999,0.3,0.02,24,28
ARICA,Alimentos,Hortalizas y tubérculos,7,106988.24,61064.0,0.24,0.02,25,29
ARICA,Medios de transporte y sus partes,Neumáticos,5,542471.48,29.0,0.17,0.08,26,20
ARICA,Alimentos,Carnes de porcino,3,255178.61,74177.38,0.1,0.04,27,25
ARICA,"Maquinarias, aparatos y sus partes",Refrigeradores y congeladores,3,70109.43,500135.0,0.1,0.01,27,33
ARICA,Otros productos relevantes,"Fibras ópticas y sus conectores, haces o cables",3,96004.93,18751.9692,0.1,0.01,27,30
ARICA,Otros productos relevantes,Preparaciones para la alimentación de los animales,3,231275.5,67800.0,0.1,0.03,27,26
ARICA,Alimentos,Carnes de ave,2,74397.94,0.0,0.07,0.01,31,32
ARICA,Combustibles y lubricantes minerales,Aceites y grasas lubricantes,2,4351.61,116.91,0.07,0.0,31,36
ARICA,"Maquinarias, aparatos y sus partes",Grupos electrógenos,2,344216.27,15.0,0.07,0.05,31,22
ARICA,Alimentos,Carnes de bovino,1,37936.51,24163.38,0.03,0.01,34,34
ARICA,Alimentos,Conservas y preparaciones de pescados y mariscos,1,78300.0,18360.0,0.03,0.01,34,31
ARICA,Otros productos relevantes,Harinas de tortas de soya,1,827955.0,1500000.0,0.03,0.12,34,19
ARICA,Tecnología,Computadores y sus partes,1,22931.81,55.0,0.03,0.0,34,35
CABO NEGRO,Resto No combustibles,Resto No combustibles,1,32723.33,36484.61,100.0,100.0,1,1
CALBUCO,Combustibles y lubricantes minerales,Petróleo diésel ,138,807403738.28,801201742.37,65.09,67.52,1,1
CALBUCO,Alimentos,Resto Alimentos,31,269136093.59000003,115501584.0,14.62,22.51,2,2
CALBUCO,Otros productos relevantes,Cementos,23,59975005.28,676388430.0,10.85,5.02,3,3
CALBUCO,Combustibles y lubricantes minerales,Gasolina vehículos terrestres,13,51175040.07,37423400.0,6.13,4.28,4,4
CALBUCO,Resto No combustibles,Resto No combustibles,6,6460703.1,63629901.0,2.83,0.54,5,5
CALBUCO,Medios de transporte y sus partes,Resto Medios de transporte y sus partes,1,1586000.0,1.0,0.47,0.13,6,6
CALDERA,Combustibles y lubricantes minerales,Petróleo diésel ,438,2542288416.47,2286656783.83,94.19,99.08,1,1
CALDERA,Combustibles y lubricantes minerales,Gasolina vehículos terrestres,22,23195947.83,21212858.0,4.73,0.9,2,2
CALDERA,Resto No combustibles,Resto No combustibles,2,68905.73999999999,25176.6,0.43,0.0,3,5
CALDERA,"Maquinarias, aparatos y sus partes","Bombas y elevadores de líquidos, y sus partes",1,1438.9,1.0,0.22,0.0,4,6
CALDERA,"Maquinarias, aparatos y sus partes","Resto Maquinarias, aparatos y sus partes ",1,385110.62,6.0,0.22,0.02,4,3
CALDERA,Medios de transporte y sus partes,Resto Medios de transporte y sus partes,1,80250.0,1.0,0.22,0.0,4,4
CHACABUCO / PUERTO AYSÉN,Resto No combustibles,Resto No combustibles,20,290716.18,0.0,39.22,1.94,1,3
CHACABUCO / PUERTO AYSÉN,Medios de transporte y sus partes,Vehículos automóviles para el transporte de personas,12,99005.38,12.0,23.53,0.66,2,5
CHACABUCO / PUERTO AYSÉN,"Maquinarias, aparatos y sus partes","Resto Maquinarias, aparatos y sus partes ",10,1621553.0500000003,0.0,19.61,10.84,3,2
CHACABUCO / PUERTO AYSÉN,Medios de transporte y sus partes,Resto Medios de transporte y sus partes,4,81902.94,1.0,7.84,0.55,4,6
CHACABUCO / PUERTO AYSÉN,"Maquinarias, aparatos y sus partes","Bombas y elevadores de líquidos, y sus partes",2,19908.760000000002,0.0,3.92,0.13,5,7
CHACABUCO / PUERTO AYSÉN,Medios de transporte y sus partes,Neumáticos,2,151169.96,2292.0,3.92,1.01,5,4
CHACABUCO / PUERTO AYSÉN,"Maquinarias, aparatos y sus partes",Grupos electrógenos,1,12693008.89,0.0,1.96,84.86,7,1
CHACALLUTA,Resto No combustibles,Resto No combustibles,11,264767.94,64901.1838,73.33,90.14,1,1
CHACALLUTA,"Prendas de vestir y accesorios, y calzados",Prendas de vestir y accesorios,2,8278.72,352.6615,13.33,2.82,2,3
CHACALLUTA,"Maquinarias, aparatos y sus partes","Resto Maquinarias, aparatos y sus partes ",1,2693.44,5.0,6.67,0.92,3,4
CHACALLUTA,Otros productos relevantes,Abonos,1,18000.0,0.0,6.67,6.13,3,2
CHAÑARAL / BARQUITO,Resto No combustibles,Resto No combustibles,178,162037317.11,685766170.57,55.8,29.71,1,2
CHAÑARAL / BARQUITO,Combustibles y lubricantes minerales,Petróleo diésel ,141,383386225.90999997,296912854.39,44.2,70.29,2,1
CHUNGARÁ,Alimentos,Cereales,1,75041.28,300000.0,33.33,21.86,1,3
CHUNGARÁ,Alimentos,Resto Alimentos,1,171594.38,250000.0,33.33,49.98,1,1
CHUNGARÁ,Otros productos relevantes,Harinas de tortas de soya,1,96665.16,194000.0,33.33,28.16,1,2
COLCHANE,Otros productos relevantes,Harinas de tortas de soya,2,664500.0,1500000.0,100.0,100.0,1,1
COQUIMBO,Medios de transporte y sus partes,Vehículos automóviles para el transporte de personas,194,235864094.92,11096.0,24.31,24.56,1,1
COQUIMBO,Resto No combustibles,Resto No combustibles,139,105586464.92,48839663.8272,17.42,10.99,2,5
COQUIMBO,"Maquinarias, aparatos y sus partes","Resto Maquinarias, aparatos y sus partes ",106,113867481.26,280998.8661,13.28,11.86,3,4
COQUIMBO,"Maquinarias, aparatos y sus partes","Palas mecánicas, excavadoras, cargadoras y palas cargadoras",97,116248643.05,318.0,12.16,12.1,4,3
COQUIMBO,Medios de transporte y sus partes,Resto Medios de transporte y sus partes,83,43350882.65,241033.1,10.4,4.51,5,8
COQUIMBO,Medios de transporte y sus partes,Vehículos automóviles para el transporte de mercancías,54,158783840.57,2414.0,6.77,16.53,6,2
COQUIMBO,Alimentos,Cereales,39,46425323.5,94561404.0,4.89,4.83,7,7
COQUIMBO,Medios de transporte y sus partes,Tractores,35,37013020.92,349.0,4.39,3.85,8,9
COQUIMBO,Otros productos relevantes,Abonos,17,27887104.63,42637809.4,2.13,2.9,9,10
COQUIMBO,Forestales y sus derivados,Madera y sus manufacturas,11,1612888.44,1055197.3154,1.38,0.17,10,13
COQUIMBO,"Maquinarias, aparatos y sus partes",Artículos de grifería y sus partes,5,1022780.49,28442.4342,0.63,0.11,11,14
COQUIMBO,"Maquinarias, aparatos y sus partes",Grupos electrógenos,4,50007158.98,9.0,0.5,5.21,12,6
COQUIMBO,"Maquinarias, aparatos y sus partes","Centrífugas y aparatos para filtrar o depurar líquidos o gases, y sus partes",3,11870553.06,140058.6489,0.38,1.24,13,11
COQUIMBO,Medios de transporte y sus partes,"Chasis, carrocerías, partes y accesorios de vehículos automóviles",3,801646.57,907.6077,0.38,0.08,13,15
COQUIMBO,Forestales y sus derivados,Resto Forestales y sus derivados,2,207437.99,138955.24620000002,0.25,0.02,15,16
COQUIMBO,"Maquinarias, aparatos y sus partes",Motores y generadores eléctricos,2,9897406.47,5.0,0.25,1.03,15,12
COQUIMBO,Forestales y sus derivados,Papel y cartón y sus manufacturas,1,712.0,277.5,0.13,0.0,17,20
COQUIMBO,"Maquinarias, aparatos y sus partes","Bombas y elevadores de líquidos, y sus partes",1,2903.43,146.6083,0.13,0.0,17,17
COQUIMBO,Otros productos relevantes,Líquidos alcohólicos,1,1107.04,42.0,0.13,0.0,17,18
COQUIMBO,Tecnología,Computadores y sus partes,1,749.0,2.0,0.13,0.0,17,19
CORONEL,Resto No combustibles,Resto No combustibles,22366,2425166772.89,1328892845.8991,55.12,39.97,1,1
CORONEL,"Maquinarias, aparatos y sus partes","Resto Maquinarias, aparatos y sus partes ",7276,486022804.17,12184851.5945,17.93,8.01,2,4
CORONEL,"Prendas de vestir y accesorios, y calzados",Prendas de vestir y accesorios,1512,45091492.7,8044861.8162,3.73,0.74,3,12
CORONEL,Alimentos,Resto Alimentos,1180,480969554.21,625455833.0599,2.91,7.93,4,5
CORONEL,Otros productos relevantes,Preparaciones para la alimentación de los animales,1091,246525115.39,174494110.8662,2.69,4.06,5,6
CORONEL,Medios de transporte y sus partes,"Chasis, carrocerías, partes y accesorios de vehículos automóviles",795,7576025.58,853103.1224,1.96,0.12,6,30
CORONEL,Medios de transporte y sus partes,Resto Medios de transporte y sus partes,760,67224074.2,455640.8017,1.87,1.11,7,9
CORONEL,Forestales y sus derivados,Resto Forestales y sus derivados,645,54443897.88,21101287.8434,1.59,0.9,8,10
CORONEL,Forestales y sus derivados,Papel y cartón y sus manufacturas,503,52445314.91,23806108.8734,1.24,0.86,9,11
CORONEL,Forestales y sus derivados,Madera y sus manufacturas,500,30634447.43,23542453.1459,1.23,0.5,10,15
CORONEL,"Maquinarias, aparatos y sus partes","Centrífugas y aparatos para filtrar o depurar líquidos o gases, y sus partes",481,25255653.4,494852.1523,1.19,0.42,11,16
CORONEL,"Prendas de vestir y accesorios, y calzados",Calzados ,437,14214726.26,1056496.428,1.08,0.23,12,20
CORONEL,"Maquinarias, aparatos y sus partes","Bombas y elevadores de líquidos, y sus partes",430,11659100.52,158348.56339999998,1.06,0.19,13,22
CORONEL,"Maquinarias, aparatos y sus partes",Artículos de grifería y sus partes,426,8335491.29,523665.9361,1.05,0.14,14,27
CORONEL,Medios de transporte y sus partes,Neumáticos,341,13256576.28,230849.0,0.84,0.22,15,21
CORONEL,Combustibles y lubricantes minerales,Hulla,184,581545244.87,2843792070.5,0.45,9.58,16,3
CORONEL,"Maquinarias, aparatos y sus partes",Motores y generadores eléctricos,176,34591208.65,11267.0,0.43,0.57,17,14
CORONEL,Combustibles y lubricantes minerales,Petróleo diésel ,140,962043634.91,910987349.15,0.35,15.86,18,2
CORONEL,Alimentos,Cereales,125,201096866.53,588845897.0,0.31,3.31,19,7
CORONEL,Otros productos relevantes,Líquidos alcohólicos,106,10310531.43,4690061.72,0.26,0.17,20,24
CORONEL,Alimentos,Hortalizas y tubérculos,99,4495375.99,2342938.33,0.24,0.07,21,33
CORONEL,Otros productos relevantes,Abonos,99,24690397.99,12194711.02,0.24,0.41,21,17
CORONEL,Combustibles y lubricantes minerales,Aceites y grasas lubricantes,93,7897061.97,2200685.899,0.23,0.13,23,29
CORONEL,Alimentos,Conservas y preparaciones de pescados y mariscos,82,7343508.9,1297084.2261,0.2,0.12,24,31
CORONEL,"Maquinarias, aparatos y sus partes",Grupos electrógenos,80,19752494.04,1350.0,0.2,0.33,25,18
CORONEL,Combustibles y lubricantes minerales,Resto Combustibles y lubricantes,79,8336042.47,5192799.71,0.19,0.14,26,26
CORONEL,"Maquinarias, aparatos y sus partes","Palas mecánicas, excavadoras, cargadoras y palas cargadoras",76,8060385.56,160.0,0.19,0.13,27,28
CORONEL,Alimentos,Leche y otros productos lácteos,69,11350114.16,3222547.663,0.17,0.19,28,23
CORONEL,Otros productos relevantes,Harinas de tortas de soya,58,135133235.87,233653974.0,0.14,2.23,29,8
CORONEL,Medios de transporte y sus partes,Tractores,55,3518454.75,317.0,0.14,0.06,30,35
CORONEL,Tecnología,Computadores y sus partes,45,1156051.6,26707.0,0.11,0.02,31,38
CORONEL,"Maquinarias, aparatos y sus partes",Refrigeradores y congeladores,44,2033800.61,2051.0,0.11,0.03,32,36
CORONEL,Otros productos relevantes,Polietileno,41,6655807.15,3580290.0,0.1,0.11,33,32
CORONEL,Medios de transporte y sus partes,Vehículos automóviles para el transporte de personas,34,4393971.09,1293.0,0.08,0.07,34,34
CORONEL,Otros productos relevantes,Cementos,31,35909957.76,454887710.0,0.08,0.59,35,13
CORONEL,,,27,8502941.54,5900423.98,0.07,0.14,36,25
CORONEL,Otros productos relevantes,Medicamentos,23,16316021.33,133055.1264,0.06,0.27,37,19
CORONEL,Alimentos,Carnes de bovino,12,1221784.73,105520.4624,0.03,0.02,38,37
CORONEL,Alimentos,Carnes de porcino,12,783185.6,410699.6317,0.03,0.01,38,39
CORONEL,Tecnología,Televisores,12,751245.74,21647.0,0.03,0.01,38,40
CORONEL,Tecnología,Videoconsolas y máquinas de videojuego,11,67155.83,26059.3292,0.03,0.0,41,43
CORONEL,Medios de transporte y sus partes,Vehículos automóviles para el transporte de mercancías,7,272443.99,8.0,0.02,0.0,42,41
CORONEL,Alimentos,Bananas,4,51677.89,115136.36920000002,0.01,0.0,43,44
CORONEL,Otros productos relevantes,"Fibras ópticas y sus conectores, haces o cables",4,157479.1,20622.48,0.01,0.0,43,42
CORONEL,Tecnología,Celulares,4,15852.52,34.0,0.01,0.0,43,45
CORRAL,Resto No combustibles,Resto No combustibles,1,478.0,50.0,100.0,100.0,1,1
GUAYACÁN,Combustibles y lubricantes minerales,Petróleo diésel ,171,337025312.72,275690334.02,84.24,93.23,1,1
GUAYACÁN,Combustibles y lubricantes minerales,Kerosene,18,4936135.2700000005,3070204.0,8.87,1.37,2,3
GUAYACÁN,Combustibles y lubricantes minerales,Gasolina vehículos terrestres,13,19535671.2,17487946.0,6.4,5.4,3,2
GUAYACÁN,"Maquinarias, aparatos y sus partes","Resto Maquinarias, aparatos y sus partes ",1,5877.87,0.0,0.49,0.0,4,4
HUASCO / GUACOLDA,Combustibles y lubricantes minerales,Hulla,190,1114015705.65,4849066051.75,79.83,89.01,1,1
HUASCO / GUACOLDA,Resto No combustibles,Resto No combustibles,20,8018472.54,3942153.98,8.4,0.64,2,4
HUASCO / GUACOLDA,"Maquinarias, aparatos y sus partes","Resto Maquinarias, aparatos y sus partes ",11,14365705.49,459370.93330000003,4.62,1.15,3,3
HUASCO / GUACOLDA,"Maquinarias, aparatos y sus partes",Grupos electrógenos,7,104125108.11,10.0,2.94,8.32,4,2
HUASCO / GUACOLDA,Medios de transporte y sus partes,Resto Medios de transporte y sus partes,5,139352.0,25.0,2.1,0.01,5,8
HUASCO / GUACOLDA,"Maquinarias, aparatos y sus partes",Motores y generadores eléctricos,2,628229.15,2.0,0.84,0.05,6,7
HUASCO / GUACOLDA,"Maquinarias, aparatos y sus partes","Bombas y elevadores de líquidos, y sus partes",1,87796.45,8627.47,0.42,0.01,7,9
HUASCO / GUACOLDA,"Maquinarias, aparatos y sus partes","Palas mecánicas, excavadoras, cargadoras y palas cargadoras",1,2278507.69,1.0,0.42,0.18,7,6
HUASCO / GUACOLDA,Medios de transporte y sus partes,Vehículos automóviles para el transporte de mercancías,1,7939472.13,2.0,0.42,0.63,7,5
IQUIQUE,Resto No combustibles,Resto No combustibles,4744,465855017.77,136172591.2578,45.08,12.91,1,3
IQUIQUE,"Maquinarias, aparatos y sus partes","Resto Maquinarias, aparatos y sus partes ",2358,836581873.47,4749331.5257,22.41,23.19,2,2
IQUIQUE,Medios de transporte y sus partes,Resto Medios de transporte y sus partes,491,188581662.28,31625.7293,4.67,5.23,3,7
IQUIQUE,Medios de transporte y sus partes,Vehículos automóviles para el transporte de personas,358,287648317.76,25342.0,3.4,7.97,4,4
IQUIQUE,"Maquinarias, aparatos y sus partes",Motores y generadores eléctricos,337,956578927.7,7471.0,3.2,26.52,5,1
IQUIQUE,"Prendas de vestir y accesorios, y calzados",Prendas de vestir y accesorios,262,6491163.43,653368.4890000001,2.49,0.18,6,15
IQUIQUE,"Maquinarias, aparatos y sus partes","Centrífugas y aparatos para filtrar o depurar líquidos o gases, y sus partes",254,48304271.5,531165.2999,2.41,1.34,7,10
IQUIQUE,Medios de transporte y sus partes,"Chasis, carrocerías, partes y accesorios de vehículos automóviles",246,6215156.12,279144.2358,2.34,0.17,8,16
IQUIQUE,Medios de transporte y sus partes,Neumáticos,206,203809767.93,37275.0,1.96,5.65,9,6
IQUIQUE,Alimentos,Resto Alimentos,186,6060321.52,2145310.2939999998,1.77,0.17,10,17
IQUIQUE,"Maquinarias, aparatos y sus partes","Palas mecánicas, excavadoras, cargadoras y palas cargadoras",137,204183679.48,192.0,1.3,5.66,11,5
IQUIQUE,"Maquinarias, aparatos y sus partes","Bombas y elevadores de líquidos, y sus partes",134,7308093.9799999995,12950.972099999999,1.27,0.2,12,14
IQUIQUE,Medios de transporte y sus partes,Vehículos automóviles para el transporte de mercancías,120,179330490.57999998,2462.0,1.14,4.97,13,8
IQUIQUE,Combustibles y lubricantes minerales,Kerosene,113,147642794.64,115649523.78,1.07,4.09,14,9
IQUIQUE,"Maquinarias, aparatos y sus partes",Artículos de grifería y sus partes,104,3215353.37,169936.0742,0.99,0.09,15,19
IQUIQUE,Forestales y sus derivados,Resto Forestales y sus derivados,97,597944.73,223004.263,0.92,0.02,16,24
IQUIQUE,Forestales y sus derivados,Papel y cartón y sus manufacturas,69,201015.5,110405.7529,0.66,0.01,17,27
IQUIQUE,Otros productos relevantes,Polietileno,63,11566560.17,7080502.0,0.6,0.32,18,12
IQUIQUE,Otros productos relevantes,Líquidos alcohólicos,61,10457629.45,6563202.466,0.58,0.29,19,13
IQUIQUE,"Prendas de vestir y accesorios, y calzados",Calzados ,37,167195.68,79507.34,0.35,0.0,20,30
IQUIQUE,Forestales y sus derivados,Madera y sus manufacturas,35,505046.84,285034.6426,0.33,0.01,21,25
IQUIQUE,Combustibles y lubricantes minerales,Resto Combustibles y lubricantes,18,2213016.89,173654.78,0.17,0.06,22,21
IQUIQUE,Medios de transporte y sus partes,Tractores,18,2822759.1,33.0,0.17,0.08,22,20
IQUIQUE,"Maquinarias, aparatos y sus partes",Refrigeradores y congeladores,13,172967.39,249.0,0.12,0.0,24,29
IQUIQUE,Tecnología,Computadores y sus partes,12,126699.93,2926.0,0.11,0.0,25,31
IQUIQUE,Otros productos relevantes,Abonos,11,23532843.08,35696250.0,0.1,0.65,26,11
IQUIQUE,Combustibles y lubricantes minerales,Aceites y grasas lubricantes,9,688916.63,207538.7216,0.09,0.02,27,22
IQUIQUE,"Maquinarias, aparatos y sus partes",Grupos electrógenos,8,607452.0900000001,54.0,0.08,0.02,28,23
IQUIQUE,Otros productos relevantes,"Fibras ópticas y sus conectores, haces o cables",8,481291.73000000004,118965.6492,0.08,0.01,28,26
IQUIQUE,Tecnología,Televisores,4,179399.77,705.0,0.04,0.0,30,28
IQUIQUE,Otros productos relevantes,Cementos,2,25896.74,1000.0,0.02,0.0,31,34
IQUIQUE,Otros productos relevantes,Minerales de molibdeno y sus concentrados,2,5078258.619999999,250347.156,0.02,0.14,31,18
IQUIQUE,Alimentos,Carnes de ave,1,32622.24,24000.0,0.01,0.0,33,32
IQUIQUE,Alimentos,Cereales,1,2590.38,0.0,0.01,0.0,33,36
IQUIQUE,Alimentos,Conservas y preparaciones de pescados y mariscos,1,232.77,0.0,0.01,0.0,33,38
IQUIQUE,Alimentos,Hortalizas y tubérculos,1,1000.82,202.0,0.01,0.0,33,37
IQUIQUE,Otros productos relevantes,Preparaciones para la alimentación de los animales,1,23656.2,25036.0,0.01,0.0,33,35
IQUIQUE,Tecnología,Videoconsolas y máquinas de videojuego,1,31849.26,5037.77,0.01,0.0,33,33
LIRQUÉN,Resto No combustibles,Resto No combustibles,29055,1985939497.81,1165736678.2166,57.66,33.75,1,1
LIRQUÉN,"Maquinarias, aparatos y sus partes","Resto Maquinarias, aparatos y sus partes ",8249,356688059.48,16871076.2485,16.37,6.06,2,5
LIRQUÉN,"Prendas de vestir y accesorios, y calzados",Prendas de vestir y accesorios,1796,62243353.58,9303343.7121,3.56,1.06,3,10
LIRQUÉN,Medios de transporte y sus partes,Neumáticos,1304,86124894.83,1382204.28,2.59,1.46,4,8
LIRQUÉN,Medios de transporte y sus partes,Resto Medios de transporte y sus partes,1205,49415187.83,985338.8264,2.39,0.84,5,13
LIRQUÉN,Medios de transporte y sus partes,Vehículos automóviles para el transporte de personas,898,1203452956.66,85597.0,1.78,20.45,6,2
LIRQUÉN,Forestales y sus derivados,Madera y sus manufacturas,776,26542689.22,17329514.9703,1.54,0.45,7,17
LIRQUÉN,Medios de transporte y sus partes,"Chasis, carrocerías, partes y accesorios de vehículos automóviles",762,13905825.86,1588143.518,1.51,0.24,8,21
LIRQUÉN,Forestales y sus derivados,Resto Forestales y sus derivados,740,23608645.38,17085450.0072,1.47,0.4,9,18
LIRQUÉN,Alimentos,Resto Alimentos,629,80566139.16,29280529.8729,1.25,1.37,10,9
LIRQUÉN,Forestales y sus derivados,Papel y cartón y sus manufacturas,520,42433046.42,25368150.3843,1.03,0.72,11,14
LIRQUÉN,"Prendas de vestir y accesorios, y calzados",Calzados ,498,34371296.64,2179434.51,0.99,0.58,12,15
LIRQUÉN,"Maquinarias, aparatos y sus partes",Artículos de grifería y sus partes,459,8227785.43,931947.9787,0.91,0.14,13,23
LIRQUÉN,"Maquinarias, aparatos y sus partes","Centrífugas y aparatos para filtrar o depurar líquidos o gases, y sus partes",443,15101230.83,884351.617,0.88,0.26,14,20
LIRQUÉN,Medios de transporte y sus partes,Vehículos automóviles para el transporte de mercancías,429,794095259.96,43448.0,0.85,13.5,15,3
LIRQUÉN,"Maquinarias, aparatos y sus partes","Bombas y elevadores de líquidos, y sus partes",385,5109701.07,613627.379,0.76,0.09,16,26
LIRQUÉN,"Maquinarias, aparatos y sus partes","Palas mecánicas, excavadoras, cargadoras y palas cargadoras",374,101856018.87,36127.7692,0.74,1.73,17,7
LIRQUÉN,Alimentos,Hortalizas y tubérculos,287,6392931.39,3863571.3,0.57,0.11,18,25
LIRQUÉN,Otros productos relevantes,Abonos,263,479221475.12,632846859.5,0.52,8.15,19,4
LIRQUÉN,"Maquinarias, aparatos y sus partes",Grupos electrógenos,249,307237880.42,3616.0,0.49,5.22,20,6
LIRQUÉN,Otros productos relevantes,Preparaciones para la alimentación de los animales,178,31503802.62,26924259.101999998,0.35,0.54,21,16
LIRQUÉN,Medios de transporte y sus partes,Tractores,175,56855319.33,1057.0,0.35,0.97,22,12
LIRQUÉN,"Maquinarias, aparatos y sus partes",Motores y generadores eléctricos,161,58956309.23,16741.0,0.32,1.0,23,11
LIRQUÉN,Alimentos,Conservas y preparaciones de pescados y mariscos,120,8503298.54,1584082.76,0.24,0.14,24,22
LIRQUÉN,Combustibles y lubricantes minerales,Resto Combustibles y lubricantes,120,16644962.08,8546846.0,0.24,0.28,24,19
LIRQUÉN,Tecnología,Computadores y sus partes,63,5061775.7,22957.0,0.13,0.09,26,27
LIRQUÉN,"Maquinarias, aparatos y sus partes",Refrigeradores y congeladores,53,1922347.82,6721.0,0.11,0.03,27,30
LIRQUÉN,Combustibles y lubricantes minerales,Hulla,39,6966250.16,26618859.0,0.08,0.12,28,24
LIRQUÉN,Combustibles y lubricantes minerales,Aceites y grasas lubricantes,25,1452945.04,113879.7391,0.05,0.02,29,33
LIRQUÉN,Otros productos relevantes,Polietileno,25,1181009.79,453544.0,0.05,0.02,29,34
LIRQUÉN,,,19,1521250.63,876042.4299999999,0.04,0.03,31,32
LIRQUÉN,Alimentos,Leche y otros productos lácteos,18,4419732.52,1615515.73,0.04,0.08,32,28
LIRQUÉN,Otros productos relevantes,Medicamentos,14,1787967.73,75290.14199999999,0.03,0.03,33,31
LIRQUÉN,Otros productos relevantes,Líquidos alcohólicos,12,560215.8200000001,266367.0,0.02,0.01,34,35
LIRQUÉN,Tecnología,Televisores,11,284213.64999999997,1124.0,0.02,0.0,35,37
LIRQUÉN,Tecnología,Videoconsolas y máquinas de videojuego,11,37457.729999999996,11924.6054,0.02,0.0,35,42
LIRQUÉN,Otros productos relevantes,"Fibras ópticas y sus conectores, haces o cables",10,335764.24,77781.881,0.02,0.01,37,36
LIRQUÉN,Otros productos relevantes,Cementos,7,274818.08999999997,199729.47999999998,0.01,0.0,38,38
LIRQUÉN,Alimentos,Cereales,3,153014.69,62000.0,0.01,0.0,39,39
LIRQUÉN,Alimentos,Bananas,2,91173.04,0.0,0.0,0.0,40,40
LIRQUÉN,Alimentos,Paltas,1,38814.14,0.0,0.0,0.0,41,41
LIRQUÉN,Otros productos relevantes,Minerales de molibdeno y sus concentrados,1,2467866.04,96000.0,0.0,0.04,41,29
LIRQUÉN,Tecnología,Celulares,1,2289.32,3.0,0.0,0.0,41,43
LOS LIBERTADORES,Alimentos,Resto Alimentos,1,87269.83,19508.4615,100.0,100.0,1,1
MAHUIL MALAL,"Prendas de vestir y accesorios, y calzados",Prendas de vestir y accesorios,2,39163.259999999995,8040.0,66.67,99.93,1,1
MAHUIL MALAL,Resto No combustibles,Resto No combustibles,1,27.99,270.0,33.33,0.07,2,2
MEJILLONES,Resto No combustibles,Resto No combustibles,2137,3047603130.63,12765924334.131,62.96,16.38,1,2
MEJILLONES,Combustibles y lubricantes minerales,Petróleo diésel ,618,12118911620.11,10139915319.38,18.21,65.12,2,1
MEJILLONES,Combustibles y lubricantes minerales,Gas natural licuado,203,1745640971.1299999,2801917068.68,5.98,9.38,3,3
MEJILLONES,Combustibles y lubricantes minerales,Hulla,168,1361512517.52,5048634925.0,4.95,7.32,4,4
MEJILLONES,Combustibles y lubricantes minerales,Kerosene,80,104973349.42,90642331.47,2.36,0.56,5,5
MEJILLONES,Combustibles y lubricantes minerales,Resto Combustibles y lubricantes,64,31078098.14,23080603.3,1.89,0.17,6,8
MEJILLONES,Combustibles y lubricantes minerales,Propano licuado,36,72720887.42,108777235.0,1.06,0.39,7,6
MEJILLONES,Otros productos relevantes,Cementos,28,26404290.53,255707830.0,0.82,0.14,8,9
MEJILLONES,Combustibles y lubricantes minerales,Gasolina vehículos terrestres,23,70757685.12,61463293.95,0.68,0.38,9,7
MEJILLONES,"Maquinarias, aparatos y sus partes","Resto Maquinarias, aparatos y sus partes ",20,2045294.8800000001,3401.18,0.59,0.01,10,12
MEJILLONES,"Maquinarias, aparatos y sus partes","Bombas y elevadores de líquidos, y sus partes",3,1890175.72,774.31,0.09,0.01,11,13
MEJILLONES,Medios de transporte y sus partes,Resto Medios de transporte y sus partes,3,22309485.78,11.0,0.09,0.12,11,10
MEJILLONES,Otros productos relevantes,Abonos,3,2781795.8499999996,761990.0,0.09,0.01,11,11
MEJILLONES,Otros productos relevantes,Líquidos alcohólicos,3,1290.49,29.8,0.09,0.0,11,16
MEJILLONES,"Maquinarias, aparatos y sus partes",Grupos electrógenos,2,60341.96,2.0,0.06,0.0,15,15
MEJILLONES,"Maquinarias, aparatos y sus partes","Centrífugas y aparatos para filtrar o depurar líquidos o gases, y sus partes",1,238.94,8.0,0.03,0.0,16,18
MEJILLONES,Medios de transporte y sus partes,Neumáticos,1,167942.72,26.0,0.03,0.0,16,14
MEJILLONES,Tecnología,Computadores y sus partes,1,448.0,18.67,0.03,0.0,16,17
OLLAGUE,Otros productos relevantes,Abonos,2,158173.56,378000.0,100.0,100.0,1,1
OTROS PUERTOS CHILENOS,"Maquinarias, aparatos y sus partes","Resto Maquinarias, aparatos y sus partes ",77,1269596.98,31872.52,37.02,1.03,1,7
OTROS PUERTOS CHILENOS,Resto No combustibles,Resto No combustibles,63,27384055.16,20385438.58,30.29,22.27,2,2
OTROS PUERTOS CHILENOS,Medios de transporte y sus partes,Resto Medios de transporte y sus partes,29,54916481.49,5072.56,13.94,44.66,3,1
OTROS PUERTOS CHILENOS,Alimentos,Cereales,11,11324387.68,40759322.0,5.29,9.21,4,4
OTROS PUERTOS CHILENOS,Medios de transporte y sus partes,"Chasis, carrocerías, partes y accesorios de vehículos automóviles",9,42804.82,1224.73,4.33,0.03,5,9
OTROS PUERTOS CHILENOS,"Maquinarias, aparatos y sus partes",Artículos de grifería y sus partes,7,36726.0,1534.82,3.37,0.03,6,10
OTROS PUERTOS CHILENOS,"Maquinarias, aparatos y sus partes","Centrífugas y aparatos para filtrar o depurar líquidos o gases, y sus partes",4,87621.74,430.0,1.92,0.07,7,8
OTROS PUERTOS CHILENOS,"Maquinarias, aparatos y sus partes","Bombas y elevadores de líquidos, y sus partes",3,24325.15,4.0,1.44,0.02,8,11
OTROS PUERTOS CHILENOS,Combustibles y lubricantes minerales,Hulla,2,21809078.17,25058500.0,0.96,17.73,9,3
OTROS PUERTOS CHILENOS,Medios de transporte y sus partes,Vehículos automóviles para el transporte de mercancías,2,1478460.55,53.0,0.96,1.2,9,6
OTROS PUERTOS CHILENOS,Otros productos relevantes,Harinas de tortas de soya,1,4603138.66,10991520.0,0.48,3.74,11,5
PASO JAMA,Alimentos,Resto Alimentos,6,599918.63,1100000.0,66.67,67.0,1,1
PASO JAMA,"Maquinarias, aparatos y sus partes","Resto Maquinarias, aparatos y sus partes ",1,103352.83,1.0,11.11,11.54,2,3
PASO JAMA,Medios de transporte y sus partes,Resto Medios de transporte y sus partes,1,59449.46,0.0,11.11,6.64,2,4
PASO JAMA,Otros productos relevantes,Abonos,1,132660.0,0.0,11.11,14.82,2,2
PENCO,Otros productos relevantes,Abonos,565,848108833.68,1042861678.5,90.26,91.94,1,1
PENCO,Resto No combustibles,Resto No combustibles,27,10544276.28,37140000.0,4.31,1.14,2,4
PENCO,Alimentos,Cereales,26,51537372.3,159808960.0,4.15,5.59,3,2
PENCO,Otros productos relevantes,Harinas de tortas de soya,8,12310361.04,23746000.0,1.28,1.33,4,3
PINO HACHADO (LIUCURA),Resto No combustibles,Resto No combustibles,20,656520.54,383648.29,40.82,55.4,1,1
PINO HACHADO (LIUCURA),"Maquinarias, aparatos y sus partes","Resto Maquinarias, aparatos y sus partes ",10,324220.21,1556.467,20.41,27.36,2,2
PINO HACHADO (LIUCURA),"Maquinarias, aparatos y sus partes",Motores y generadores eléctricos,6,39604.67,27.0,12.24,3.34,3,4
PINO HACHADO (LIUCURA),Medios de transporte y sus partes,"Chasis, carrocerías, partes y accesorios de vehículos automóviles",6,8725.71,686.278,12.24,0.74,3,7
PINO HACHADO (LIUCURA),Combustibles y lubricantes minerales,Resto Combustibles y lubricantes,2,105966.04,103720.0,4.08,8.94,5,3
PINO HACHADO (LIUCURA),Alimentos,Resto Alimentos,1,20892.06,27500.0,2.04,1.76,6,5
PINO HACHADO (LIUCURA),Forestales y sus derivados,Madera y sus manufacturas,1,2176.2,75.94,2.04,0.18,6,9
PINO HACHADO (LIUCURA),Forestales y sus derivados,Resto Forestales y sus derivados,1,1547.38,127.75,2.04,0.13,6,10
PINO HACHADO (LIUCURA),"Maquinarias, aparatos y sus partes","Centrífugas y aparatos para filtrar o depurar líquidos o gases, y sus partes",1,6529.6,861.0,2.04,0.55,6,8
PINO HACHADO (LIUCURA),,,1,18970.0,27500.0,2.04,1.6,6,6
PUERTO ANDINO,Resto No combustibles,Resto No combustibles,3,4955620.600000001,2240420.0,100.0,100.0,1,1
PUERTO ANGAMOS,"Maquinarias, aparatos y sus partes","Resto Maquinarias, aparatos y sus partes ",21801,5116233257.42,63028030.6649,39.22,32.84,1,1
PUERTO ANGAMOS,Resto No combustibles,Resto No combustibles,20432,2059850078.59,694905597.3725,36.75,13.22,2,2
PUERTO ANGAMOS,Medios de transporte y sus partes,"Chasis, carrocerías, partes y accesorios de vehículos automóviles",3029,340490767.28,6785621.3835,5.45,2.19,3,10
PUERTO ANGAMOS,"Maquinarias, aparatos y sus partes","Centrífugas y aparatos para filtrar o depurar líquidos o gases, y sus partes",2570,454555905.87,2329387.4341,4.62,2.92,4,9
PUERTO ANGAMOS,"Maquinarias, aparatos y sus partes","Bombas y elevadores de líquidos, y sus partes",1679,145334275.76,2858814.4143,3.02,0.93,5,12
PUERTO ANGAMOS,"Maquinarias, aparatos y sus partes",Artículos de grifería y sus partes,1392,74578529.7,1314648.8184,2.5,0.48,6,16
PUERTO ANGAMOS,Medios de transporte y sus partes,Neumáticos,1338,1299639954.81,800588.185,2.41,8.34,7,5
PUERTO ANGAMOS,"Maquinarias, aparatos y sus partes",Motores y generadores eléctricos,835,1338867119.75,72392.7114,1.5,8.59,8,4
PUERTO ANGAMOS,Medios de transporte y sus partes,Resto Medios de transporte y sus partes,417,146384258.5,1098629.5586,0.75,0.94,9,11
PUERTO ANGAMOS,Combustibles y lubricantes minerales,Aceites y grasas lubricantes,324,106009409.6,31599740.7006,0.58,0.68,10,13
PUERTO ANGAMOS,"Prendas de vestir y accesorios, y calzados",Prendas de vestir y accesorios,300,5521953.01,871598.5053,0.54,0.04,11,19
PUERTO ANGAMOS,"Maquinarias, aparatos y sus partes",Grupos electrógenos,212,1023576673.71,650.0,0.38,6.57,12,6
PUERTO ANGAMOS,Forestales y sus derivados,Resto Forestales y sus derivados,182,2498295.54,865291.2646,0.33,0.02,13,22
PUERTO ANGAMOS,Medios de transporte y sus partes,Vehículos automóviles para el transporte de mercancías,136,1898700760.64,330.0,0.24,12.19,14,3
PUERTO ANGAMOS,Otros productos relevantes,Polietileno,135,40772096.78,19352955.69,0.24,0.26,15,17
PUERTO ANGAMOS,Otros productos relevantes,Minerales de molibdeno y sus concentrados,118,482423948.43,109645307.79380001,0.21,3.1,16,8
PUERTO ANGAMOS,Otros productos relevantes,Abonos,111,101228090.39,134922788.85,0.2,0.65,17,14
PUERTO ANGAMOS,"Maquinarias, aparatos y sus partes","Palas mecánicas, excavadoras, cargadoras y palas cargadoras",106,821833220.93,108.0,0.19,5.28,18,7
PUERTO ANGAMOS,Alimentos,Resto Alimentos,82,1449415.18,284488.363,0.15,0.01,19,26
PUERTO ANGAMOS,Combustibles y lubricantes minerales,Resto Combustibles y lubricantes,78,87846289.38,135378138.2907,0.14,0.56,20,15
PUERTO ANGAMOS,Forestales y sus derivados,Madera y sus manufacturas,68,1952198.4,818911.2811,0.12,0.01,21,24
PUERTO ANGAMOS,Tecnología,Computadores y sus partes,52,3340548.4699999997,853.0,0.09,0.02,22,21
PUERTO ANGAMOS,Otros productos relevantes,"Fibras ópticas y sus conectores, haces o cables",41,2066930.5,451539.0708,0.07,0.01,23,23
PUERTO ANGAMOS,Forestales y sus derivados,Papel y cartón y sus manufacturas,34,250025.75,114213.1341,0.06,0.0,24,30
PUERTO ANGAMOS,Otros productos relevantes,Líquidos alcohólicos,30,1700719.78,816415.99,0.05,0.01,25,25
PUERTO ANGAMOS,Otros productos relevantes,Cementos,19,1163451.66,889070.53,0.03,0.01,26,28
PUERTO ANGAMOS,"Prendas de vestir y accesorios, y calzados",Calzados ,17,63039.75,22210.0,0.03,0.0,27,32
PUERTO ANGAMOS,Medios de transporte y sus partes,Vehículos automóviles para el transporte de personas,14,13357888.73,85.0,0.03,0.09,28,18
PUERTO ANGAMOS,Alimentos,Leche y otros productos lácteos,9,1169374.2,51437.950000000004,0.02,0.01,29,27
PUERTO ANGAMOS,"Maquinarias, aparatos y sus partes",Refrigeradores y congeladores,8,55835.06,52.0,0.01,0.0,30,34
PUERTO ANGAMOS,Alimentos,Bananas,6,295818.02,471116.55999999994,0.01,0.0,31,29
PUERTO ANGAMOS,Medios de transporte y sus partes,Tractores,5,4467271.67,31.0,0.01,0.03,32,20
PUERTO ANGAMOS,Alimentos,Cereales,3,684.52,611.6,0.01,0.0,33,37
PUERTO ANGAMOS,Combustibles y lubricantes minerales,Hulla,3,96500.20000000001,198680.0,0.01,0.0,33,31
PUERTO ANGAMOS,,,2,45485.2,10896.0,0.0,0.0,35,35
PUERTO ANGAMOS,Alimentos,Carnes de porcino,1,72.09,9.02,0.0,0.0,36,39
PUERTO ANGAMOS,Alimentos,Conservas y preparaciones de pescados y mariscos,1,57241.86,0.0,0.0,0.0,36,33
PUERTO ANGAMOS,Otros productos relevantes,Preparaciones para la alimentación de los animales,1,1175.83,0.0,0.0,0.0,36,36
PUERTO ANGAMOS,Tecnología,Televisores,1,543.74,1.0,0.0,0.0,36,38
PUERTO MONTT,Otros productos relevantes,Abonos,449,572537072.53,753758704.88,37.79,20.01,1,2
PUERTO MONTT,Resto No combustibles,Resto No combustibles,246,837027033.56,837510384.2661,20.71,29.25,2,1
PUERTO MONTT,Otros productos relevantes,Harinas de tortas de soya,170,259678569.08,322544619.0,14.31,9.08,3,5
PUERTO MONTT,Alimentos,Cereales,169,210016982.14000002,480663315.0,14.23,7.34,4,6
PUERTO MONTT,Alimentos,Resto Alimentos,52,560643670.68,566333660.0,4.38,19.59,5,3
PUERTO MONTT,Medios de transporte y sus partes,Resto Medios de transporte y sus partes,40,318317332.23,1407.6539,3.37,11.13,6,4
PUERTO MONTT,"Maquinarias, aparatos y sus partes","Resto Maquinarias, aparatos y sus partes ",14,4258299.33,21135.4223,1.18,0.15,7,11
PUERTO MONTT,"Maquinarias, aparatos y sus partes",Grupos electrógenos,10,64764387.68,13.0,0.84,2.26,8,7
PUERTO MONTT,Otros productos relevantes,Cementos,8,9198530.71,101572525.0,0.67,0.32,9,9
PUERTO MONTT,Combustibles y lubricantes minerales,Hulla,7,18062098.88,77967190.0,0.59,0.63,10,8
PUERTO MONTT,Medios de transporte y sus partes,"Chasis, carrocerías, partes y accesorios de vehículos automóviles",6,4841.5599999999995,993.9198,0.51,0.0,11,17
PUERTO MONTT,Medios de transporte y sus partes,Tractores,4,1535026.52,13.0,0.34,0.05,12,12
PUERTO MONTT,Forestales y sus derivados,Madera y sus manufacturas,3,102354.39000000001,80.0,0.25,0.0,13,15
PUERTO MONTT,Medios de transporte y sus partes,Vehículos automóviles para el transporte de personas,3,406306.57999999996,9.0,0.25,0.01,13,13
PUERTO MONTT,Combustibles y lubricantes minerales,Aceites y grasas lubricantes,2,675.95,17.4615,0.17,0.0,15,18
PUERTO MONTT,"Maquinarias, aparatos y sus partes","Palas mecánicas, excavadoras, cargadoras y palas cargadoras",2,221037.0,5.0,0.17,0.01,15,14
PUERTO MONTT,"Maquinarias, aparatos y sus partes","Centrífugas y aparatos para filtrar o depurar líquidos o gases, y sus partes",1,60.81,2.0,0.08,0.0,17,19
PUERTO MONTT,"Maquinarias, aparatos y sus partes",Motores y generadores eléctricos,1,16627.42,1.0,0.08,0.0,17,16
PUERTO MONTT,Medios de transporte y sus partes,Vehículos automóviles para el transporte de mercancías,1,4387186.46,38.0,0.08,0.15,17,10
PUERTO WILLIAMS,Combustibles y lubricantes minerales,Resto Combustibles y lubricantes,13,11486.0,135720.0,65.0,0.21,1,2
PUERTO WILLIAMS,Resto No combustibles,Resto No combustibles,6,5384040.319999999,18482.0,30.0,99.64,2,1
PUERTO WILLIAMS,"Maquinarias, aparatos y sus partes","Resto Maquinarias, aparatos y sus partes ",1,7706.1,0.0,5.0,0.14,3,3
PUNTA ARENAS,Resto No combustibles,Resto No combustibles,331,31316850.48,12220569.5124,58.9,41.92,1,1
PUNTA ARENAS,"Maquinarias, aparatos y sus partes","Resto Maquinarias, aparatos y sus partes ",89,16762789.33,31281.031600000002,15.84,22.44,2,2
PUNTA ARENAS,Medios de transporte y sus partes,Resto Medios de transporte y sus partes,30,12700961.73,105.0,5.34,17.0,3,3
PUNTA ARENAS,Combustibles y lubricantes minerales,Resto Combustibles y lubricantes,18,5866.0,120100.0,3.2,0.01,4,21
PUNTA ARENAS,Alimentos,Carnes de bovino,12,243166.87,45030.901,2.14,0.33,5,8
PUNTA ARENAS,"Maquinarias, aparatos y sus partes","Centrífugas y aparatos para filtrar o depurar líquidos o gases, y sus partes",10,21953.7,639.1562,1.78,0.03,6,17
PUNTA ARENAS,"Maquinarias, aparatos y sus partes","Bombas y elevadores de líquidos, y sus partes",9,228220.77000000002,117.4884,1.6,0.31,7,9
PUNTA ARENAS,Otros productos relevantes,Cementos,8,10568156.47,107353700.0,1.42,14.15,8,4
PUNTA ARENAS,Forestales y sus derivados,Resto Forestales y sus derivados,7,178505.0,24991.898999999998,1.25,0.24,9,10
PUNTA ARENAS,Medios de transporte y sus partes,Vehículos automóviles para el transporte de personas,7,95458.62999999999,5.0,1.25,0.13,9,11
PUNTA ARENAS,"Maquinarias, aparatos y sus partes",Artículos de grifería y sus partes,6,23666.449999999997,758.8000000000001,1.07,0.03,11,16
PUNTA ARENAS,Medios de transporte y sus partes,"Chasis, carrocerías, partes y accesorios de vehículos automóviles",6,14582.45,9856.64,1.07,0.02,11,18
PUNTA ARENAS,Medios de transporte y sus partes,Vehículos automóviles para el transporte de mercancías,5,380737.87,15.0,0.89,0.51,13,7
PUNTA ARENAS,Combustibles y lubricantes minerales,Aceites y grasas lubricantes,3,13765.98,2353.9399999999996,0.53,0.02,14,19
PUNTA ARENAS,Forestales y sus derivados,Madera y sus manufacturas,3,53147.06,7417.85,0.53,0.07,14,14
PUNTA ARENAS,"Maquinarias, aparatos y sus partes",Motores y generadores eléctricos,3,28557.62,12.0,0.53,0.04,14,15
PUNTA ARENAS,Alimentos,Carnes de ave,2,74970.0,0.0,0.36,0.1,17,12
PUNTA ARENAS,"Maquinarias, aparatos y sus partes",Refrigeradores y congeladores,2,1827.89,5.0,0.36,0.0,17,22
PUNTA ARENAS,"Prendas de vestir y accesorios, y calzados",Calzados ,2,561.27,2380.0,0.36,0.0,17,27
PUNTA ARENAS,Alimentos,Resto Alimentos,1,564.33,49.28,0.18,0.0,20,26
PUNTA ARENAS,Combustibles y lubricantes minerales,Gas natural gaseoso,1,1525391.58,0.0,0.18,2.04,20,5
PUNTA ARENAS,Forestales y sus derivados,Papel y cartón y sus manufacturas,1,883.08,158.63,0.18,0.0,20,25
PUNTA ARENAS,"Maquinarias, aparatos y sus partes",Grupos electrógenos,1,63485.89,1.0,0.18,0.08,20,13
PUNTA ARENAS,Medios de transporte y sus partes,Neumáticos,1,6050.0,2500.0,0.18,0.01,20,20
PUNTA ARENAS,Medios de transporte y sus partes,Tractores,1,390170.36,1.0,0.18,0.52,20,6
PUNTA ARENAS,"Prendas de vestir y accesorios, y calzados",Prendas de vestir y accesorios,1,55.64,4.0,0.18,0.0,20,28
PUNTA ARENAS,Tecnología,Celulares,1,1521.41,0.0,0.18,0.0,20,23
PUNTA ARENAS,Tecnología,Computadores y sus partes,1,1089.0,0.0,0.18,0.0,20,24
QUELLÓN,Combustibles y lubricantes minerales,Propano licuado,1,3080883.44,5400000.0,100.0,100.0,1,1
QUINTERO,Resto No combustibles,Resto No combustibles,854,1436804364.1,1002811697.95,23.87,4.53,1,7
QUINTERO,Combustibles y lubricantes minerales,Petróleo diésel ,598,10776963996.0,8866357739.19,16.72,33.99,2,1
QUINTERO,Combustibles y lubricantes minerales,Propano licuado,414,3455535598.3,4543031427.0,11.57,10.9,3,4
QUINTERO,Combustibles y lubricantes minerales,Aceites y grasas lubricantes,356,532643584.32,257492730.064,9.95,1.68,4,9
QUINTERO,Combustibles y lubricantes minerales,Gasolina vehículos terrestres,322,3653743322.86,2967941205.54,9.0,11.53,5,3
QUINTERO,Combustibles y lubricantes minerales,Kerosene,282,3048931258.38,2572124545.78,7.88,9.62,6,5
QUINTERO,Combustibles y lubricantes minerales,Gas natural licuado,255,2855030615.38,5191755133.68,7.13,9.01,7,6
QUINTERO,Combustibles y lubricantes minerales,Pétroleo crudo,246,5265851008.91,6889172948.62,6.88,16.61,8,2
QUINTERO,Combustibles y lubricantes minerales,Resto Combustibles y lubricantes,240,590573264.4,558713601.703,6.71,1.86,9,8
QUINTERO,"Maquinarias, aparatos y sus partes","Resto Maquinarias, aparatos y sus partes ",6,5777392.31,0.0,0.17,0.02,10,12
QUINTERO,"Maquinarias, aparatos y sus partes","Centrífugas y aparatos para filtrar o depurar líquidos o gases, y sus partes",2,7294478.13,1.0,0.06,0.02,11,11
QUINTERO,Medios de transporte y sus partes,Resto Medios de transporte y sus partes,2,72950000.0,2.0,0.06,0.23,11,10
RANCHO DE NAVES Y AERONAVES DE TRANSPORTE INTERNACIONAL,Resto No combustibles,Resto No combustibles,10,383886.32,16213.14,100.0,100.0,1,1
SAN ANTONIO,Resto No combustibles,Resto No combustibles,996515,37131699617.59,12813446796.8984,46.09,29.22,1,1
SAN ANTONIO,"Maquinarias, aparatos y sus partes","Resto Maquinarias, aparatos y sus partes ",456782,19355044586.81,1476580390.3235,21.13,15.23,2,2
SAN ANTONIO,"Prendas de vestir y accesorios, y calzados",Prendas de vestir y accesorios,179435,7461612709.79,1339785612.7524,8.3,5.87,3,4
SAN ANTONIO,Alimentos,Resto Alimentos,85612,6070700002.73,2575937398.6243,3.96,4.78,4,6
SAN ANTONIO,Medios de transporte y sus partes,"Chasis, carrocerías, partes y accesorios de vehículos automóviles",84896,1146297434.54,113663922.8655,3.93,0.9,5,17
SAN ANTONIO,"Maquinarias, aparatos y sus partes","Centrífugas y aparatos para filtrar o depurar líquidos o gases, y sus partes",39832,798894895.25,63269369.9496,1.84,0.63,6,24
SAN ANTONIO,"Prendas de vestir y accesorios, y calzados",Calzados ,32100,3289425663.3,480171147.2209,1.48,2.59,7,8
SAN ANTONIO,"Maquinarias, aparatos y sus partes","Bombas y elevadores de líquidos, y sus partes",27163,659019308.82,25291149.1103,1.26,0.52,8,28
SAN ANTONIO,Medios de transporte y sus partes,Resto Medios de transporte y sus partes,26845,2003915024.66,46084745.0212,1.24,1.58,9,9
SAN ANTONIO,"Maquinarias, aparatos y sus partes",Artículos de grifería y sus partes,26514,659486501.0,35622420.81,1.23,0.52,10,27
SAN ANTONIO,Forestales y sus derivados,Papel y cartón y sus manufacturas,26471,1978912898.29,1479484960.5922,1.22,1.56,11,10
SAN ANTONIO,Forestales y sus derivados,Resto Forestales y sus derivados,20018,600998922.4,174751458.2312,0.93,0.47,12,32
SAN ANTONIO,Forestales y sus derivados,Madera y sus manufacturas,14363,552501904.64,344899122.8814,0.66,0.43,13,33
SAN ANTONIO,Medios de transporte y sus partes,Vehículos automóviles para el transporte de personas,13112,14127824967.35,690828.8077,0.61,11.12,14,3
SAN ANTONIO,"Maquinarias, aparatos y sus partes",Motores y generadores eléctricos,12287,1130620400.55,3175103.312,0.57,0.89,15,18
SAN ANTONIO,Medios de transporte y sus partes,Neumáticos,10972,1202412206.4,58029742.51709999,0.51,0.95,16,15
SAN ANTONIO,Otros productos relevantes,Líquidos alcohólicos,9177,903401210.94,322524316.0937,0.42,0.71,17,21
SAN ANTONIO,Otros productos relevantes,Medicamentos,9005,1497331431.22,97567238.9478,0.42,1.18,18,12
SAN ANTONIO,Combustibles y lubricantes minerales,Aceites y grasas lubricantes,8996,648917745.33,169093136.5963,0.42,0.51,19,29
SAN ANTONIO,Tecnología,Computadores y sus partes,7388,1466625688.02,10012198.1221,0.34,1.15,20,13
SAN ANTONIO,"Maquinarias, aparatos y sus partes",Refrigeradores y congeladores,7016,735278198.77,2872458.5769,0.32,0.58,21,26
SAN ANTONIO,Alimentos,Hortalizas y tubérculos,6501,295438511.78,170844832.0566,0.3,0.23,22,37
SAN ANTONIO,Alimentos,Leche y otros productos lácteos,6254,827995377.52,156479791.0178,0.29,0.65,23,23
SAN ANTONIO,Otros productos relevantes,Preparaciones para la alimentación de los animales,5502,740929526.06,193420404.2765,0.25,0.58,24,25
SAN ANTONIO,Otros productos relevantes,Polietileno,5120,1098739344.14,811283082.8955001,0.24,0.86,25,19
SAN ANTONIO,Medios de transporte y sus partes,Vehículos automóviles para el transporte de mercancías,4919,7000467955.03,250585.0,0.23,5.51,26,5
SAN ANTONIO,"Maquinarias, aparatos y sus partes",Grupos electrógenos,4415,627205073.25,320018.0,0.2,0.49,27,30
SAN ANTONIO,Alimentos,Conservas y preparaciones de pescados y mariscos,4040,833898858.7,153138215.3704,0.19,0.66,28,22
SAN ANTONIO,Otros productos relevantes,Abonos,3977,452068659.68,360768169.3236,0.18,0.36,29,35
SAN ANTONIO,"Maquinarias, aparatos y sus partes","Palas mecánicas, excavadoras, cargadoras y palas cargadoras",3612,1540516133.96,189420.8469,0.17,1.21,30,11
SAN ANTONIO,Combustibles y lubricantes minerales,Resto Combustibles y lubricantes,3178,230902244.62,263085607.3261,0.15,0.18,31,40
SAN ANTONIO,Alimentos,Cereales,2511,3971605623.05,9896020233.2585,0.12,3.12,32,7
SAN ANTONIO,Medios de transporte y sus partes,Tractores,2390,904244199.88,32381.001,0.11,0.71,33,20
SAN ANTONIO,Alimentos,Carnes de bovino,2303,189094268.14,22976036.449,0.11,0.15,34,43
SAN ANTONIO,Alimentos,Carnes de porcino,2198,310764120.33,85065057.9086,0.1,0.24,35,36
SAN ANTONIO,Tecnología,Televisores,2154,1196004613.47,8358214.8066,0.1,0.94,36,16
SAN ANTONIO,Otros productos relevantes,"Fibras ópticas y sus conectores, haces o cables",1862,203335569.16,28689784.3018,0.09,0.16,37,42
SAN ANTONIO,Alimentos,Carnes de ave,1755,226152282.76,113423294.4664,0.08,0.18,38,41
SAN ANTONIO,Alimentos,Bananas,1573,467152419.51,741731191.7313,0.07,0.37,39,34
SAN ANTONIO,Otros productos relevantes,Cementos,808,263455394.27,2928144738.9215,0.04,0.21,40,39
SAN ANTONIO,Tecnología,Videoconsolas y máquinas de videojuego,654,263804410.78,2197468.7247,0.03,0.21,41,38
SAN ANTONIO,,,635,16260455.56,8424726.4353,0.03,0.01,42,47
SAN ANTONIO,Alimentos,Paltas,404,88894854.83,40870882.2485,0.02,0.07,43,44
SAN ANTONIO,Otros productos relevantes,Harinas de tortas de soya,319,1232658338.26,1935061875.0,0.01,0.97,44,14
SAN ANTONIO,Tecnología,Celulares,240,34941134.81,652418.0,0.01,0.03,45,46
SAN ANTONIO,Otros productos relevantes,Minerales de molibdeno y sus concentrados,179,607947995.23,28301641.3364,0.01,0.48,46,31
SAN ANTONIO,Combustibles y lubricantes minerales,Hulla,130,4873956.49,9188733.1555,0.01,0.0,47,48
SAN ANTONIO,Combustibles y lubricantes minerales,Kerosene,37,639404.71,238140.3188,0.0,0.0,48,49
SAN ANTONIO,Combustibles y lubricantes minerales,Propano licuado,27,226795.4,20437.578700000002,0.0,0.0,49,51
SAN ANTONIO,Combustibles y lubricantes minerales,Petróleo diésel ,23,488641.32,232231.82,0.0,0.0,50,50
SAN ANTONIO,Otros productos relevantes,Vacunas (uso en medicina humana),18,42641868.730000004,43741.5694,0.0,0.03,51,45
SAN ANTONIO,Combustibles y lubricantes minerales,Gasolina vehículos terrestres,3,101443.89,14571.0,0.0,0.0,52,52
SAN ANTONIO,Combustibles y lubricantes minerales,Pétroleo crudo,2,11926.42,16.0308,0.0,0.0,53,53
SAN FRANCISCO,Resto No combustibles,Resto No combustibles,7,112675.8,26040.0,53.85,24.03,1,2
SAN FRANCISCO,"Maquinarias, aparatos y sus partes","Resto Maquinarias, aparatos y sus partes ",5,285370.29,7524.0,38.46,60.86,2,1
SAN FRANCISCO,Forestales y sus derivados,Papel y cartón y sus manufacturas,1,70873.19,67957.851,7.69,15.11,3,3
SAN VICENTE,Resto No combustibles,Resto No combustibles,16686,2092326393.19,1299896008.9288,51.55,27.16,1,1
SAN VICENTE,"Maquinarias, aparatos y sus partes","Resto Maquinarias, aparatos y sus partes ",5548,420786999.31,6869381.158,17.14,5.46,2,7
SAN VICENTE,"Prendas de vestir y accesorios, y calzados",Prendas de vestir y accesorios,1315,33671559.21,8460403.5881,4.06,0.44,3,20
SAN VICENTE,Alimentos,Resto Alimentos,1247,284227725.9,237745741.2269,3.85,3.69,4,8
SAN VICENTE,Medios de transporte y sus partes,Resto Medios de transporte y sus partes,681,148831806.62,305274.9994,2.1,1.93,5,9
SAN VICENTE,Medios de transporte y sus partes,"Chasis, carrocerías, partes y accesorios de vehículos automóviles",649,7721971.49,870583.6004,2.01,0.1,6,31
SAN VICENTE,Otros productos relevantes,Preparaciones para la alimentación de los animales,598,92382604.56,75378965.6834,1.85,1.2,7,12
SAN VICENTE,"Maquinarias, aparatos y sus partes","Centrífugas y aparatos para filtrar o depurar líquidos o gases, y sus partes",536,36593295.29,623057.887,1.66,0.48,8,19
SAN VICENTE,Forestales y sus derivados,Resto Forestales y sus derivados,497,82877697.69,39650411.5954,1.54,1.08,9,13
SAN VICENTE,"Prendas de vestir y accesorios, y calzados",Calzados ,416,23849326.19,2026478.1814000001,1.29,0.31,10,23
SAN VICENTE,Forestales y sus derivados,Madera y sus manufacturas,405,18037679.1,11318129.442499999,1.25,0.23,11,24
SAN VICENTE,Forestales y sus derivados,Papel y cartón y sus manufacturas,395,59762532.65,35837891.2041,1.22,0.78,12,15
SAN VICENTE,"Maquinarias, aparatos y sus partes",Artículos de grifería y sus partes,385,8873456.49,532154.419,1.19,0.12,13,30
SAN VICENTE,Medios de transporte y sus partes,Neumáticos,343,13766976.02,179732.85,1.06,0.18,14,27
SAN VICENTE,"Maquinarias, aparatos y sus partes","Bombas y elevadores de líquidos, y sus partes",286,6328555.65,41228.4031,0.88,0.08,15,34
SAN VICENTE,Combustibles y lubricantes minerales,Resto Combustibles y lubricantes,256,496934440.33,453000545.6024,0.79,6.45,16,4
SAN VICENTE,Combustibles y lubricantes minerales,Petróleo diésel ,249,1738853162.84,1488391986.21,0.77,22.57,17,2
SAN VICENTE,Combustibles y lubricantes minerales,Aceites y grasas lubricantes,152,14809485.31,2740942.6178,0.47,0.19,18,26
SAN VICENTE,Alimentos,Hortalizas y tubérculos,144,3556894.08,1559657.0,0.44,0.05,19,38
SAN VICENTE,Medios de transporte y sus partes,Tractores,142,59829600.03,329.0,0.44,0.78,20,14
SAN VICENTE,Otros productos relevantes,Abonos,131,43082181.2,36325579.7223,0.4,0.56,21,18
SAN VICENTE,Combustibles y lubricantes minerales,Propano licuado,130,436440333.02,572875373.0,0.4,5.67,22,5
SAN VICENTE,Medios de transporte y sus partes,Vehículos automóviles para el transporte de personas,130,98140449.17999999,7534.0,0.4,1.27,22,11
SAN VICENTE,Combustibles y lubricantes minerales,Gasolina vehículos terrestres,98,712661093.1,619184331.0769,0.3,9.25,24,3
SAN VICENTE,"Maquinarias, aparatos y sus partes","Palas mecánicas, excavadoras, cargadoras y palas cargadoras",96,27799023.11,282.0,0.3,0.36,25,21
SAN VICENTE,"Maquinarias, aparatos y sus partes",Motores y generadores eléctricos,84,24822309.46,1778.0,0.26,0.32,26,22
SAN VICENTE,Alimentos,Leche y otros productos lácteos,81,11867068.6,4047990.25,0.25,0.15,27,28
SAN VICENTE,Alimentos,Conservas y preparaciones de pescados y mariscos,80,5782070.6,1082599.0,0.25,0.08,28,35
SAN VICENTE,Otros productos relevantes,Líquidos alcohólicos,75,7706530.68,2820359.53,0.23,0.1,29,32
SAN VICENTE,Medios de transporte y sus partes,Vehículos automóviles para el transporte de mercancías,66,56576817.83,35923.0,0.2,0.73,30,16
SAN VICENTE,Tecnología,Computadores y sus partes,56,9559290.14,15448.0,0.17,0.12,31,29
SAN VICENTE,Otros productos relevantes,Cementos,53,48848389.07,575174660.91,0.16,0.63,32,17
SAN VICENTE,Combustibles y lubricantes minerales,Pétroleo crudo,49,429115008.0,447410725.0,0.15,5.57,33,6
SAN VICENTE,"Maquinarias, aparatos y sus partes",Refrigeradores y congeladores,49,3691829.7399999998,13786.0,0.15,0.05,33,37
SAN VICENTE,Alimentos,Carnes de porcino,43,2847531.85,1159036.6,0.13,0.04,35,39
SAN VICENTE,Combustibles y lubricantes minerales,Hulla,43,104905213.52000001,274678862.0,0.13,1.36,35,10
SAN VICENTE,"Maquinarias, aparatos y sus partes",Grupos electrógenos,41,17204722.06,1134.0,0.13,0.22,37,25
SAN VICENTE,,,33,3890784.04,1981704.0,0.1,0.05,38,36
SAN VICENTE,Alimentos,Carnes de ave,30,1166876.46,844027.87,0.09,0.02,39,42
SAN VICENTE,Alimentos,Carnes de bovino,22,538971.4299999999,147492.43,0.07,0.01,40,44
SAN VICENTE,Otros productos relevantes,Harinas de tortas de soya,10,2787840.0,2376000.0,0.03,0.04,41,40
SAN VICENTE,Otros productos relevantes,"Fibras ópticas y sus conectores, haces o cables",9,282518.45,27590.1002,0.03,0.0,42,46
SAN VICENTE,Otros productos relevantes,Medicamentos,8,6751877.16,12934.7937,0.02,0.09,43,33
SAN VICENTE,Otros productos relevantes,Polietileno,8,1436939.15,735000.0,0.02,0.02,43,41
SAN VICENTE,Tecnología,Televisores,6,561117.4500000001,1188.0,0.02,0.01,45,43
SAN VICENTE,Alimentos,Bananas,5,288892.05,504057.58999999997,0.02,0.0,46,45
SAN VICENTE,Alimentos,Cereales,1,1512.5,1125.0,0.0,0.0,47,48
SAN VICENTE,Tecnología,Videoconsolas y máquinas de videojuego,1,2931.79,375.0,0.0,0.0,47,47
TALCAHUANO,Combustibles y lubricantes minerales,Pétroleo crudo,378,11072323946.84,15167466444.911,31.98,79.63,1,1
TALCAHUANO,Resto No combustibles,Resto No combustibles,227,350572246.26,359492301.5838,19.2,2.52,2,3
TALCAHUANO,Combustibles y lubricantes minerales,Petróleo diésel ,223,1996907315.82,1888222221.4,18.87,14.36,3,2
TALCAHUANO,Medios de transporte y sus partes,Resto Medios de transporte y sus partes,214,47800308.96,1054.0,18.1,0.34,4,6
TALCAHUANO,Combustibles y lubricantes minerales,Gasolina vehículos terrestres,51,278583753.55,264369197.0,4.31,2.0,5,4
TALCAHUANO,Combustibles y lubricantes minerales,Resto Combustibles y lubricantes,31,136718056.85,163240146.0,2.62,0.98,6,5
TALCAHUANO,"Maquinarias, aparatos y sus partes","Resto Maquinarias, aparatos y sus partes ",10,1960156.22,34012.8462,0.85,0.01,7,9
TALCAHUANO,Alimentos,Resto Alimentos,9,1536455.94,2100500.0,0.76,0.01,8,12
TALCAHUANO,"Prendas de vestir y accesorios, y calzados",Prendas de vestir y accesorios,9,101762.53,7855.780000000001,0.76,0.0,8,18
TALCAHUANO,Combustibles y lubricantes minerales,Hulla,6,9474784.12,39459961.0,0.51,0.07,10,7
TALCAHUANO,Medios de transporte y sus partes,Vehículos automóviles para el transporte de personas,5,1057820.4000000001,98.0,0.42,0.01,11,13
TALCAHUANO,Combustibles y lubricantes minerales,Gas natural gaseoso,3,2390083.1999999997,11288194.0,0.25,0.02,12,8
TALCAHUANO,Medios de transporte y sus partes,Vehículos automóviles para el transporte de mercancías,3,1952178.96,56.0,0.25,0.01,12,10
TALCAHUANO,Forestales y sus derivados,Resto Forestales y sus derivados,2,1409.1100000000001,220.0,0.17,0.0,14,23
TALCAHUANO,"Maquinarias, aparatos y sus partes","Palas mecánicas, excavadoras, cargadoras y palas cargadoras",2,257648.85,2.0,0.17,0.0,14,16
TALCAHUANO,Alimentos,Cereales,1,357630.0,1500000.0,0.08,0.0,16,14
TALCAHUANO,Alimentos,Conservas y preparaciones de pescados y mariscos,1,102312.59,0.0,0.08,0.0,16,17
TALCAHUANO,Forestales y sus derivados,Madera y sus manufacturas,1,61053.61,18860.0,0.08,0.0,16,19
TALCAHUANO,"Maquinarias, aparatos y sus partes",Artículos de grifería y sus partes,1,2671.4,120.0,0.08,0.0,16,22
TALCAHUANO,"Maquinarias, aparatos y sus partes","Centrífugas y aparatos para filtrar o depurar líquidos o gases, y sus partes",1,550.0,0.0,0.08,0.0,16,24
TALCAHUANO,Medios de transporte y sus partes,Tractores,1,352620.3,1.0,0.08,0.0,16,15
TALCAHUANO,Otros productos relevantes,Cementos,1,1759972.8,21970000.0,0.08,0.01,16,11
TALCAHUANO,Otros productos relevantes,Líquidos alcohólicos,1,26989.24,4725.0,0.08,0.0,16,20
TALCAHUANO,"Prendas de vestir y accesorios, y calzados",Calzados ,1,18365.87,6984.0,0.08,0.0,16,21
TOCOPILLA,Combustibles y lubricantes minerales,Hulla,48,296522376.9,1332832503.0,96.0,98.92,1,1
TOCOPILLA,Combustibles y lubricantes minerales,Petróleo diésel ,2,3247391.17,3756995.88,4.0,1.08,2,2
VALPARAÍSO,Resto No combustibles,Resto No combustibles,363180,15855460845.22,8159481394.0737,46.56,44.59,1,1
VALPARAÍSO,"Maquinarias, aparatos y sus partes","Resto Maquinarias, aparatos y sus partes ",169921,5793664682.36,846551746.8549,21.79,16.29,2,2
VALPARAÍSO,"Prendas de vestir y accesorios, y calzados",Prendas de vestir y accesorios,69606,2315578773.51,333339038.6725,8.92,6.51,3,3
VALPARAÍSO,Medios de transporte y sus partes,"Chasis, carrocerías, partes y accesorios de vehículos automóviles",33165,456763186.06,50250405.6484,4.25,1.28,4,12
VALPARAÍSO,Alimentos,Resto Alimentos,23516,2129432653.67,1299030013.9805,3.01,5.99,5,4
VALPARAÍSO,"Maquinarias, aparatos y sus partes","Centrífugas y aparatos para filtrar o depurar líquidos o gases, y sus partes",15408,274157894.51,16558959.8746,1.98,0.77,6,17
VALPARAÍSO,"Maquinarias, aparatos y sus partes","Bombas y elevadores de líquidos, y sus partes",11885,296231167.75,7598895.6917,1.52,0.83,7,16
VALPARAÍSO,"Maquinarias, aparatos y sus partes",Artículos de grifería y sus partes,11188,237683335.84,17886438.243,1.43,0.67,8,19
VALPARAÍSO,"Prendas de vestir y accesorios, y calzados",Calzados ,11015,715477471.11,38902322.9032,1.41,2.01,9,5
VALPARAÍSO,Medios de transporte y sus partes,Resto Medios de transporte y sus partes,10077,711187946.21,13447931.6679,1.29,2.0,10,6
VALPARAÍSO,Forestales y sus derivados,Papel y cartón y sus manufacturas,8403,562646224.02,370687242.1327,1.08,1.58,11,9
VALPARAÍSO,Forestales y sus derivados,Resto Forestales y sus derivados,6770,210700466.14,64900108.6195,0.87,0.59,12,22
VALPARAÍSO,"Maquinarias, aparatos y sus partes",Motores y generadores eléctricos,4720,306059357.03000003,836635.387,0.61,0.86,13,15
VALPARAÍSO,Forestales y sus derivados,Madera y sus manufacturas,4693,124026650.65,66128916.3891,0.6,0.35,14,28
VALPARAÍSO,Otros productos relevantes,Medicamentos,4197,647075962.27,24479398.6408,0.54,1.82,15,7
VALPARAÍSO,Combustibles y lubricantes minerales,Aceites y grasas lubricantes,3565,192449139.12,40356520.5101,0.46,0.54,16,24
VALPARAÍSO,Otros productos relevantes,Líquidos alcohólicos,3501,339474555.95,91829106.1926,0.45,0.95,17,14
VALPARAÍSO,Medios de transporte y sus partes,Neumáticos,3265,347938502.83,3170032.7981,0.42,0.98,18,13
VALPARAÍSO,Tecnología,Computadores y sus partes,2646,582006941.89,1576274.35,0.34,1.64,19,8
VALPARAÍSO,Alimentos,Hortalizas y tubérculos,2006,93140010.43,50802903.4045,0.26,0.26,20,34
VALPARAÍSO,Alimentos,Leche y otros productos lácteos,1716,247971590.53,48462606.7976,0.22,0.7,21,18
VALPARAÍSO,"Maquinarias, aparatos y sus partes",Refrigeradores y congeladores,1560,110831141.72,301620.0,0.2,0.31,22,31
VALPARAÍSO,Otros productos relevantes,Preparaciones para la alimentación de los animales,1513,199796804.16,54321756.489,0.19,0.56,23,23
VALPARAÍSO,Otros productos relevantes,Abonos,1484,174964360.3,140609462.2897,0.19,0.49,24,25
VALPARAÍSO,Otros productos relevantes,Polietileno,1424,217526293.66,113931320.6187,0.18,0.61,25,21
VALPARAÍSO,"Maquinarias, aparatos y sus partes",Grupos electrógenos,1107,127560298.46,87945.0,0.14,0.36,26,27
VALPARAÍSO,Combustibles y lubricantes minerales,Resto Combustibles y lubricantes,1086,132297400.42,134400052.5364,0.14,0.37,27,26
VALPARAÍSO,Alimentos,Conservas y preparaciones de pescados y mariscos,990,120409001.07,24094803.508,0.13,0.34,28,29
VALPARAÍSO,Medios de transporte y sus partes,Vehículos automóviles para el transporte de personas,878,507833777.89,25993.0,0.11,1.43,29,11
VALPARAÍSO,Alimentos,Carnes de bovino,770,41347207.78,6643460.6089,0.1,0.12,30,38
VALPARAÍSO,Otros productos relevantes,"Fibras ópticas y sus conectores, haces o cables",686,37061051.02,4452974.7833,0.09,0.1,31,39
VALPARAÍSO,Medios de transporte y sus partes,Vehículos automóviles para el transporte de mercancías,625,549869617.29,13025.0,0.08,1.55,32,10
VALPARAÍSO,"Maquinarias, aparatos y sus partes","Palas mecánicas, excavadoras, cargadoras y palas cargadoras",511,94678061.72,1258.0,0.07,0.27,33,33
VALPARAÍSO,Medios de transporte y sus partes,Tractores,490,236095774.76,4093.0,0.06,0.66,34,20
VALPARAÍSO,Alimentos,Carnes de porcino,398,48211781.83,12567235.8926,0.05,0.14,35,37
VALPARAÍSO,Tecnología,Televisores,328,95286682.88,1087068.0,0.04,0.27,36,32
VALPARAÍSO,Alimentos,Carnes de ave,297,29549573.26,11354268.5071,0.04,0.08,37,40
VALPARAÍSO,Alimentos,Bananas,248,25957831.67,43208014.6992,0.03,0.07,38,41
VALPARAÍSO,Alimentos,Cereales,238,20779635.4,30435741.2886,0.03,0.06,39,43
VALPARAÍSO,Tecnología,Videoconsolas y máquinas de videojuego,212,76374671.71,675371.4693,0.03,0.21,40,35
VALPARAÍSO,,,208,7854698.96,5379857.4496,0.03,0.02,41,48
VALPARAÍSO,Otros productos relevantes,Cementos,187,5950359.64,10840391.2168,0.02,0.02,42,49
VALPARAÍSO,Alimentos,Paltas,110,12593183.04,3001012.96,0.01,0.04,43,45
VALPARAÍSO,Otros productos relevantes,Minerales de molibdeno y sus concentrados,49,117801568.88,5117589.28,0.01,0.33,44,30
VALPARAÍSO,Tecnología,Celulares,43,5631522.0600000005,34718.0,0.01,0.02,45,50
VALPARAÍSO,Combustibles y lubricantes minerales,Hulla,36,9390163.43,43118811.8198,0.0,0.03,46,46
VALPARAÍSO,Combustibles y lubricantes minerales,Propano licuado,16,25294606.19,44961957.52,0.0,0.07,47,42
VALPARAÍSO,Combustibles y lubricantes minerales,Petróleo diésel ,14,62079132.64,48567118.24,0.0,0.17,48,36
VALPARAÍSO,Combustibles y lubricantes minerales,Kerosene,13,13311430.21,15051827.909300001,0.0,0.04,49,44
VALPARAÍSO,Otros productos relevantes,Vacunas (uso en medicina humana),3,4573820.82,4104.458500000001,0.0,0.01,50,51
VALPARAÍSO,Combustibles y lubricantes minerales,Gasolina vehículos terrestres,2,227002.38,192386.45,0.0,0.0,51,52
VALPARAÍSO,Combustibles y lubricantes minerales,Pétroleo crudo,2,8076741.73,12338625.412,0.0,0.02,51,47
VENTANAS,Resto No combustibles,Resto No combustibles,259,275321379.63,158927349.2352,35.19,12.05,1,4
VENTANAS,Alimentos,Cereales,183,654378535.89,1605042418.0,24.86,28.63,2,2
VENTANAS,Combustibles y lubricantes minerales,Hulla,123,721292093.74,2751467755.0,16.71,31.56,3,1
VENTANAS,Combustibles y lubricantes minerales,Resto Combustibles y lubricantes,79,177359851.28,204267261.3,10.73,7.76,4,5
VENTANAS,Combustibles y lubricantes minerales,Petróleo diésel ,32,300657196.09,270781838.46,4.35,13.15,5,3
VENTANAS,Otros productos relevantes,Cementos,19,34175149.18,386700665.0,2.58,1.5,6,8
VENTANAS,Combustibles y lubricantes minerales,Kerosene,18,45301271.41,41300212.79,2.45,1.98,7,7
VENTANAS,Otros productos relevantes,Harinas de tortas de soya,13,55873821.83,66116240.0,1.77,2.44,8,6
VENTANAS,"Maquinarias, aparatos y sus partes","Resto Maquinarias, aparatos y sus partes ",4,42097.64,3116.8048,0.54,0.0,9,10
VENTANAS,Combustibles y lubricantes minerales,Propano licuado,3,21217094.79,30979411.0,0.41,0.93,10,9
VENTANAS,"Maquinarias, aparatos y sus partes","Bombas y elevadores de líquidos, y sus partes",2,745.76,0.0,0.27,0.0,11,12
VENTANAS,"Prendas de vestir y accesorios, y calzados",Prendas de vestir y accesorios,1,14959.36,554.4,0.14,0.0,12,11
ZONA FRANCA IQUIQUE,"Prendas de vestir y accesorios, y calzados",Prendas de vestir y accesorios,12,18440.91,1314.0615,50.0,46.76,1,1
ZONA FRANCA IQUIQUE,Resto No combustibles,Resto No combustibles,7,9649.43,322.4923,29.17,24.47,2,2
ZONA FRANCA IQUIQUE,"Prendas de vestir y accesorios, y calzados",Calzados ,3,9240.52,318.3308,12.5,23.43,3,3
ZONA FRANCA IQUIQUE,"Maquinarias, aparatos y sus partes","Resto Maquinarias, aparatos y sus partes ",2,2105.77,27.0,8.33,5.34,4,4
,Alimentos,Cereales,137,153705177.47,329386848.0,,,,
,Alimentos,Resto Alimentos,22,368522558.57,491703930.0,,,,
,Combustibles y lubricantes minerales,Gas natural licuado,5,38292811.05,51472439.620000005,,,,
,Combustibles y lubricantes minerales,Hulla,367,2089543706.82,8909816673.19,,,,
,Combustibles y lubricantes minerales,Petróleo diésel ,59,302795872.02,113757307.93,,,,
,Combustibles y lubricantes minerales,Propano licuado,211,236773418.76,293752273.0,,,,
,Combustibles y lubricantes minerales,Pétroleo crudo,2,21238078.73,35824602.0,,,,
,Combustibles y lubricantes minerales,Resto Combustibles y lubricantes,58,60568900.13,73629741.3,,,,
,"Maquinarias, aparatos y sus partes","Bombas y elevadores de líquidos, y sus partes",1,11966.41,1.0,,,,
,"Maquinarias, aparatos y sus partes","Centrífugas y aparatos para filtrar o depurar líquidos o gases, y sus partes",2,13492.64,367.2411,,,,
,"Maquinarias, aparatos y sus partes","Resto Maquinarias, aparatos y sus partes ",13,514902.09,2400.8136,,,,
,Medios de transporte y sus partes,"Chasis, carrocerías, partes y accesorios de vehículos automóviles",4,64817.47,1552.769,,,,
,Otros productos relevantes,Abonos,11,18293443.55,41637980.0,,,,
,Otros productos relevantes,Cementos,29,41020353.22,354900050.0,,,,
,Otros productos relevantes,Harinas de tortas de soya,91,157118909.97,228870005.0,,,,
,Resto No combustibles,Resto No combustibles,756,1768808787.7,4224540666.0342,,,,
